{"assets/add_blog.png":["assets/add_blog.png"],"assets/addchat.png":["assets/addchat.png"],"assets/banner_sponsors.png":["assets/banner_sponsors.png"],"assets/doublechat.png":["assets/doublechat.png"],"assets/driver_1.png":["assets/driver_1.png"],"assets/empty.png":["assets/empty.png"],"assets/girls_female_woman_pers.png":["assets/girls_female_woman_pers.png"],"assets/head_medical_man_avatar.png":["assets/head_medical_man_avatar.png"],"assets/ic_action_add_chat.png":["assets/ic_action_add_chat.png"],"assets/ic_launcher.png":["assets/ic_launcher.png"],"assets/ic_logo.png":["assets/ic_logo.png"],"assets/icons8.png":["assets/icons8.png"],"assets/icons8_semi_truck_50.png":["assets/icons8_semi_truck_50.png"],"assets/if_adium_49043.png":["assets/if_adium_49043.png"],"assets/if_ambulance_45490.png":["assets/if_ambulance_45490.png"],"assets/if_b02.png":["assets/if_b02.png"],"assets/if_bus_47405.png":["assets/if_bus_47405.png"],"assets/if_bus_front_01_1988879.png":["assets/if_bus_front_01_1988879.png"],"assets/if_cattle_tuck_88245.png":["assets/if_cattle_tuck_88245.png"],"assets/if_co1.png":["assets/if_co1.png"],"assets/if_coraline_49044.png":["assets/if_coraline_49044.png"],"assets/if_daf_girder_truck.png":["assets/if_daf_girder_truck.png"],"assets/if_daf_tiper.png":["assets/if_daf_tiper.png"],"assets/if_diagram_v2_32_37152.png":["assets/if_diagram_v2_32_37152.png"],"assets/if_evernote_49045.png":["assets/if_evernote_49045.png"],"assets/if_fa03.png":["assets/if_fa03.png"],"assets/if_fd.png":["assets/if_fd.png"],"assets/if_fe05.png":["assets/if_fe05.png"],"assets/if_fi01.png":["assets/if_fi01.png"],"assets/if_fire_escape.png":["assets/if_fire_escape.png"],"assets/if_firefox_49046.png":["assets/if_firefox_49046.png"],"assets/if_foden_concrete_tuck.png":["assets/if_foden_concrete_tuck.png"],"assets/if_freebsd_49049.png":["assets/if_freebsd_49049.png"],"assets/if_freebsd_daemon_386463.png":["assets/if_freebsd_daemon_386463.png"],"assets/if_guard_45502.png":["assets/if_guard_45502.png"],"assets/if_h05_.png":["assets/if_h05_.png"],"assets/if_jo1.png":["assets/if_jo1.png"],"assets/if_linux_tox_386476.png":["assets/if_linux_tox_386476.png"],"assets/if_lorry_green.png":["assets/if_lorry_green.png"],"assets/if_monkeys_audio_49052.png":["assets/if_monkeys_audio_49052.png"],"assets/if_nike_37862.png":["assets/if_nike_37862.png"],"assets/if_policeman_45483.png":["assets/if_policeman_45483.png"],"assets/if_receptionist_45441.png":["assets/if_receptionist_45441.png"],"assets/if_rocket_406798.png":["assets/if_rocket_406798.png"],"assets/if_school_bus_44999.png":["assets/if_school_bus_44999.png"],"assets/if_tractor_unit_black_22998.png":["assets/if_tractor_unit_black_22998.png"],"assets/if_transportation_service_45471.png":["assets/if_transportation_service_45471.png"],"assets/if_truck_37865.png":["assets/if_truck_37865.png"],"assets/if_truck_44870.png":["assets/if_truck_44870.png"],"assets/if_truck_45435.png":["assets/if_truck_45435.png"],"assets/if_truck_back_03_2140057.png":["assets/if_truck_back_03_2140057.png"],"assets/if_truck_front_01_1988878.png":["assets/if_truck_front_01_1988878.png"],"assets/if_truck_yellow.png":["assets/if_truck_yellow.png"],"assets/if_twitter_49054.png":["assets/if_twitter_49054.png"],"assets/news.png":["assets/news.png"],"assets/placeholder.png":["assets/placeholder.png"],"assets/police_avatar_person.png":["assets/police_avatar_person.png"],"assets/police_wome.png":["assets/police_wome.png"],"packages/cupertino_icons/assets/CupertinoIcons.ttf":["packages/cupertino_icons/assets/CupertinoIcons.ttf"],"packages/rflutter_alert/assets/images/close.png":["packages/rflutter_alert/assets/images/close.png","packages/rflutter_alert/assets/images/2.0x/close.png","packages/rflutter_alert/assets/images/3.0x/close.png"],"packages/rflutter_alert/assets/images/icon_error.png":["packages/rflutter_alert/assets/images/icon_error.png","packages/rflutter_alert/assets/images/2.0x/icon_error.png","packages/rflutter_alert/assets/images/3.0x/icon_error.png"],"packages/rflutter_alert/assets/images/icon_info.png":["packages/rflutter_alert/assets/images/icon_info.png","packages/rflutter_alert/assets/images/2.0x/icon_info.png","packages/rflutter_alert/assets/images/3.0x/icon_info.png"],"packages/rflutter_alert/assets/images/icon_success.png":["packages/rflutter_alert/assets/images/icon_success.png","packages/rflutter_alert/assets/images/2.0x/icon_success.png","packages/rflutter_alert/assets/images/3.0x/icon_success.png"],"packages/rflutter_alert/assets/images/icon_warning.png":["packages/rflutter_alert/assets/images/icon_warning.png","packages/rflutter_alert/assets/images/2.0x/icon_warning.png","packages/rflutter_alert/assets/images/3.0x/icon_warning.png"]}